feature,importance
last_login_days,0.2401418305590557
annual_spend,0.17431328814207056
support_tickets,0.14744679343587946
age,0.137184366661404
nps_score,0.12247651239818286
region_enc,0.06928497443661391
products_owned,0.0669903365076374
segment_enc,0.04216189785915623
